date,this_week,artist,song,last_week,peak_position,weeks_on_chart
1986-09-06,1,Rocio Durcal,La guirnalda,,1,1
1986-09-13,1,Juan Gabriel,Yo no se que me paso,,1,1
1986-09-20,1,Juan Gabriel,Yo no se que me paso,1,1,2
1986-09-20,2,Rocio Durcal,La guirnalda,,1,2
1986-09-20,3,Emmanuel,Toda la vida,,3,1
1986-09-20,4,Franco,Toda la vida,,4,1
1986-09-20,5,Beatriz Adriana,Hasta cuando,,5,1
1986-09-20,6,Pandora,Solo el y yo,,6,1
1986-09-20,7,Roberto Carlos,De corazon a corazon,,7,1
1986-09-20,8,Nicola de Bari,Rosa,,8,1
1986-09-20,9,Caridad Canelon,Atrevete,,9,1
1986-09-20,10,Jose Jose,Pruebame,,10,1
1986-09-20,11,Rocio Jurado,Vibro,,11,1
1986-09-20,12,Flans,No controles,,12,1
1986-09-20,13,El Gran Combo de Puerto Rico,Por ella,,13,1
1986-09-20,14,Camilo Sesto,Me la estas poniendo dificil,,14,1
1986-09-20,15,Lissette,Vivo,,15,1
1986-09-20,16,Roberto Torres,El viejo,,16,1
1986-09-20,17,Jorge Muniz,La otra parte de ti,,17,1
1986-09-20,18,Jorge Rigo,No renunciare,,18,1
1986-09-20,19,Los Yonic's,Corazon vacio,,19,1
1986-09-20,20,Lisa Lopez,Noche tropical,,20,1
1986-09-20,21,Menudo,Besame,,21,1
1986-09-20,22,Luis Angel,Tu me quemas,,22,1
1986-09-20,23,Bonny Cepeda,Asesina,,23,1
1986-09-20,24,Erica Buenfil,El engano,,24,1
1986-09-20,26,Lissette,Eva,,26,1
1986-09-20,27,Ramon Ayala,Debajo de aquel arbol,,27,1
1986-09-20,28,Joan Sebastian & Prisma,Oiga,,28,1
1986-09-20,29,Napoleon,Nunca cambies,,29,1
1986-09-20,30,Sandy Reyes,Enamorar,,30,1
1986-09-20,31,La Mafia,Si tu supieras,,31,1
1986-09-20,32,The New York Band,Cole,,32,1
1986-09-20,35,Roberto Carlos,Simbolo sexual,,35,1
1986-09-20,36,Nelson Ned,Fiera,,36,1
1986-09-20,37,Tam y Tex,La suavecita,,37,1
1986-09-20,38,Yuri,Dame un beso,,38,1
1986-09-20,39,Eddie Santiago,Tu me quemas,,39,1
1986-09-20,40,Flans,Me gusta ser sonrisa,,40,1
1986-09-20,41,Marisela,Mi problema,,41,1
1986-09-20,42,Roberto Carlos,Contradicciones,,42,1
1986-09-20,45,Mario Pintor,Adios que te vaya bien,,45,1
1986-09-20,46,Liberacion,El muneco,,46,1
1986-09-20,47,Rocio Durcal,Quedate conmigo esta noche,,47,1
1986-09-20,48,Alvaro Torres,Tres,,48,1
1986-09-20,49,Chayanne,Vuelve,,49,1
1986-09-27,1,Juan Gabriel,Yo no se que me paso,1,1,3
1986-09-27,2,Emmanuel,Toda la vida,3,2,2
1986-09-27,3,Rocio Durcal,La guirnalda,2,1,3
1986-09-27,4,Franco,Toda la vida,4,4,2
1986-09-27,5,Pandora,Solo el y yo,6,5,2
1986-09-27,6,Beatriz Adriana,Hasta cuando,5,5,2
1986-09-27,7,Lissette,Eva,26,7,2
1986-09-27,8,Rocio Jurado,Vibro,11,8,2
1986-09-27,9,Flans,No controles,12,9,2
1986-09-27,10,Bonny Cepeda,Asesina,23,10,2
1986-09-27,11,Eddie Santiago,Tu me quemas,39,11,2
1986-09-27,12,Camilo Sesto,Me la estas poniendo dificil,14,12,2
1986-09-27,13,Luis Angel,Tu me quemas,22,13,2
1986-09-27,14,Caridad Canelon,Atrevete,9,9,2
1986-09-27,15,Roberto Carlos,De corazon a corazon,7,7,2
1986-09-27,16,Jose Jose,Pruebame,10,10,2
1986-09-27,17,Nicola de Bari,Rosa,8,8,2
1986-09-27,18,Jorge Rigo,No renunciare,18,18,2
1986-09-27,19,Joan Sebastian & Prisma,Oiga,28,19,2
1986-09-27,20,El Gran Combo de Puerto Rico,Por ella,13,13,2
1986-09-27,21,Menudo,Besame,21,21,2
1986-09-27,22,Los Yonic's,Corazon vacio,19,19,2
1986-09-27,23,Bobby Valentin,Part time lover,,23,1
1986-09-27,24,Jose Feliciano,Se me sigue olvidando,,24,1
1986-09-27,25,El Gran Combo de Puerto Rico,Garantia,,25,1
1986-09-27,26,The New York Band,Cole,32,26,2
1986-09-27,27,Jose Luis Perales,La primera vez,,27,1
1986-09-27,28,Yuri,Dame un beso,38,28,2
1986-09-27,29,Lissette,Vivo,15,15,2
1986-09-27,30,Roberto Carlos,Contradicciones,42,30,2
1986-09-27,31,Roberto Torres,El viejo,16,16,2
1986-09-27,32,Gilberto Santa Rosa,Sin un amor,,32,1
1986-09-27,33,Willie Colon,Lo que es de Juan,,33,1
1986-09-27,34,Las Diego,Quemare,,34,1
1986-09-27,35,Lisa Lopez,Noche tropical,20,20,2
1986-09-27,36,Fresas,Como no quererte a ti,,36,1
1986-09-27,37,Erica Buenfil,El engano,24,24,2
1986-09-27,38,Jorge Muniz,La otra parte de ti,17,17,2
1986-09-27,39,Rocio Durcal,Quedate conmigo esta noche,47,39,2
1986-09-27,40,Sandy Reyes,Enamorar,30,30,2
1986-09-27,41,Liberacion,El muneco,46,41,2
1986-09-27,42,Roberto Carlos,Simbolo sexual,35,35,2
1986-09-27,43,Tommy Olivencia,Diselo a el,,43,1
1986-09-27,44,Diego Verdaguer,Estoy celoso,,44,1
1986-09-27,45,Rocio Jurado,Paloma Brava,,45,1
1986-09-27,46,Conjunto Quisqueya,Ay que bueno es,,46,1
1986-09-27,47,Alvaro Torres,Tres,48,47,2
1986-09-27,48,Flans,Me gusta ser sonrisa,40,40,2
1986-09-27,49,Nelson Ned,Fiera,36,36,2
1986-09-27,50,Marisela,Mi problema,41,41,2
1986-10-04,1,Juan Gabriel,Yo no se que me paso,1,1,4
1986-10-04,2,Emmanuel,Toda la vida,2,2,3
1986-10-04,3,Rocio Durcal,La guirnalda,3,1,4
1986-10-04,4,Franco,Toda la vida,4,4,3
1986-10-04,5,Pandora,Solo el y yo,5,5,3
1986-10-04,6,Beatriz Adriana,Hasta cuando,6,5,3
1986-10-04,7,Lissette,Eva,7,7,3
1986-10-04,8,Rocio Jurado,Vibro,8,8,3
1986-10-04,9,Flans,No controles,9,9,3
1986-10-04,10,Bonny Cepeda,Asesina,10,10,3
1986-10-04,11,Eddie Santiago,Tu me quemas,11,11,3
1986-10-04,12,Camilo Sesto,Me la estas poniendo dificil,12,12,3
1986-10-04,13,Luis Angel,Tu me quemas,13,13,3
1986-10-04,14,Caridad Canelon,Atrevete,14,9,3
1986-10-04,15,Roberto Carlos,De corazon a corazon,15,7,3
1986-10-04,16,Jose Jose,Pruebame,16,10,3
1986-10-04,17,Nicola de Bari,Rosa,17,8,3
1986-10-04,18,Jorge Rigo,No renunciare,18,18,3
1986-10-04,19,Joan Sebastian & Prisma,Oiga,19,19,3
1986-10-04,20,El Gran Combo de Puerto Rico,Por ella,20,13,3
1986-10-04,21,Menudo,Besame,21,21,3
1986-10-04,22,Los Yonic's,Corazon vacio,22,19,3
1986-10-04,23,Bobby Valentin,Part time lover,23,23,2
1986-10-04,24,Jose Feliciano,Se me sigue olvidando,24,24,2
1986-10-04,25,El Gran Combo de Puerto Rico,Garantia,25,25,2
1986-10-04,26,The New York Band,Cole,26,26,3
1986-10-04,27,Jose Luis Perales,La primera vez,27,27,2
1986-10-04,28,Yuri,Dame un beso,28,28,3
1986-10-04,29,Lissette,Vivo,29,15,3
1986-10-04,30,Roberto Carlos,Contradicciones,30,30,3
1986-10-04,31,Roberto Torres,El viejo,31,16,3
1986-10-04,32,Gilberto Santa Rosa,Sin un amor,32,32,2
1986-10-04,33,Willie Colon,Lo que es de Juan,33,33,2
1986-10-04,34,Las Diego,Quemare,34,34,2
1986-10-04,35,Lisa Lopez,Noche tropical,35,20,3
1986-10-04,36,Fresas,Como no quererte a ti,36,36,2
1986-10-04,37,Erica Buenfil,El engano,37,24,3
1986-10-04,38,Jorge Muniz,La otra parte de ti,38,17,3
1986-10-04,39,Rocio Durcal,Quedate conmigo esta noche,39,39,3
1986-10-04,40,Sandy Reyes,Enamorar,40,30,3
1986-10-04,41,Liberacion,El muneco,41,41,3
1986-10-04,42,Roberto Carlos,Simbolo sexual,42,35,3
1986-10-04,43,Tommy Olivencia,Diselo a el,43,43,2
1986-10-04,44,Diego Verdaguer,Estoy celoso,44,44,2
1986-10-04,45,Rocio Jurado,Paloma Brava,45,45,2
1986-10-04,46,Conjunto Quisqueya,Ay que bueno es,46,46,2
1986-10-04,47,Alvaro Torres,Tres,47,47,3
1986-10-04,48,Flans,Me gusta ser sonrisa,48,40,3
1986-10-04,49,Nelson Ned,Fiera,49,36,3
1986-10-04,50,Marisela,Mi problema,50,41,3
1986-10-11,1,Franco,Toda la vida,4,1,4
1986-10-11,2,Juan Gabriel,Yo no se que me paso,1,1,5
1986-10-11,3,Emmanuel,Toda la vida,2,2,4
1986-10-11,4,Rocio Durcal,La guirnalda,3,1,5
1986-10-11,5,Beatriz Adriana,Hasta cuando,6,5,4
1986-10-11,6,Los Yonic's,Corazon vacio,22,6,4
1986-10-11,7,Pandora,Solo el y yo,5,5,4
1986-10-11,8,Joan Sebastian & Prisma,Oiga,19,8,4
1986-10-11,9,Camilo Sesto,Me la estas poniendo dificil,12,9,4
1986-10-11,10,Eddie Santiago,Tu me quemas,11,10,4
1986-10-11,11,Lissette,Eva,7,7,4
1986-10-11,12,El Gran Combo de Puerto Rico,Por ella,20,12,4
1986-10-11,13,Flans,No controles,9,9,4
1986-10-11,14,Luis Angel,Tu me quemas,13,13,4
1986-10-11,15,Nicola de Bari,Rosa,17,8,4
1986-10-11,16,Jose Feliciano,Se me sigue olvidando,24,16,3
1986-10-11,17,The New York Band,Cole,26,17,4
1986-10-11,18,Rocio Jurado,Vibro,8,8,4
1986-10-11,19,Jorge Rigo,No renunciare,18,18,4
1986-10-11,20,Caridad Canelon,Atrevete,14,9,4
1986-10-11,21,Roberto Carlos,De corazon a corazon,15,7,4
1986-10-11,22,Bonny Cepeda,Asesina,10,10,4
1986-10-11,23,Jose Jose,Pruebame,16,10,4
1986-10-11,24,Gilberto Santa Rosa,Sin un amor,32,24,3
1986-10-11,25,Menudo,Besame,21,21,4
1986-10-11,26,Bobby Valentin,Part time lover,23,23,3
1986-10-11,27,Sophy,Sola,,27,1
1986-10-11,28,Jose Luis Perales,La primera vez,27,27,3
1986-10-11,29,Chayanne,Vuelve,,29,2
1986-10-11,30,Diego Verdaguer,Estoy celoso,44,30,3
1986-10-11,31,El Gran Combo de Puerto Rico,Garantia,25,25,3
1986-10-11,32,Liberacion,El muneco,41,32,4
1986-10-11,33,Fresas,Como no quererte a ti,36,33,3
1986-10-11,34,Las Diego,Quemare,34,34,3
1986-10-11,35,Conjunto Quisqueya,Ay que bueno es,46,35,3
1986-10-11,36,Jorge Muniz,La otra parte de ti,38,17,4
1986-10-11,37,Rocio Durcal,Quedate conmigo esta noche,39,37,4
1986-10-11,38,Andy Montanez,Dulce veneno,,38,1
1986-10-11,39,Lissette,Vivo,29,15,4
1986-10-11,40,Lisa Lopez,Noche tropical,35,20,4
1986-10-11,41,Roberto Torres,El viejo,31,16,4
1986-10-11,42,Carmin,Otra semana,,42,1
1986-10-11,43,Willie Colon,Lo que es de Juan,33,33,3
1986-10-11,44,Ramon Ayala,Debajo de aquel arbol,,27,2
1986-10-11,45,Roberto Carlos,Contradicciones,30,30,4
1986-10-11,46,La Mafia,Si tu supieras,,31,2
1986-10-11,47,Sandy Reyes,Enamorar,40,30,4
1986-10-11,48,Miami Sound Machine,No me vuelvo a enamorar,,48,1
1986-10-11,49,Alvaro Torres,Tres,47,47,4
1986-10-11,50,La Patrulla 15,Dame un beso,,50,1
1986-10-18,1,Emmanuel,Toda la vida,3,1,5
1986-10-18,2,Franco,Toda la vida,1,1,5
1986-10-18,3,Juan Gabriel,Yo no se que me paso,2,1,6
1986-10-18,4,Rocio Durcal,La guirnalda,4,1,6
1986-10-18,5,Pandora,Solo el y yo,7,5,5
1986-10-18,6,Los Yonic's,Corazon vacio,6,6,5
1986-10-18,7,Beatriz Adriana,Hasta cuando,5,5,5
1986-10-18,8,Joan Sebastian & Prisma,Oiga,8,8,5
1986-10-18,9,Jose Feliciano,Se me sigue olvidando,16,9,4
1986-10-18,10,Lissette,Eva,11,7,5
1986-10-18,11,Camilo Sesto,Me la estas poniendo dificil,9,9,5
1986-10-18,12,Nicola de Bari,Rosa,15,8,5
1986-10-18,13,El Gran Combo de Puerto Rico,Garantia,31,13,4
1986-10-18,14,Eddie Santiago,Tu me quemas,10,10,5
1986-10-18,15,Jorge Rigo,No renunciare,19,15,5
1986-10-18,16,Fresas,Como no quererte a ti,33,16,4
1986-10-18,17,Caridad Canelon,Atrevete,20,9,5
1986-10-18,18,Flans,No controles,13,9,5
1986-10-18,19,Jose Jose,y quien puede ser,,19,1
1986-10-18,20,Rocio Jurado,Vibro,18,8,5
1986-10-18,21,Jose Jose,Pruebame,23,10,5
1986-10-18,22,Roberto Carlos,De corazon a corazon,21,7,5
1986-10-18,23,Bonny Cepeda,Asesina,22,10,5
1986-10-18,24,Gilberto Santa Rosa,Sin un amor,24,24,4
1986-10-18,25,Chayanne,Vuelve,29,25,3
1986-10-18,26,Prisma,De color de rosa,,26,1
1986-10-18,27,Menudo,Besame,25,21,5
1986-10-18,28,Diego Verdaguer,Estoy celoso,30,28,4
1986-10-18,29,Carmin,Otra semana,42,29,2
1986-10-18,30,Miami Sound Machine,No me vuelvo a enamorar,48,30,2
1986-10-18,31,Sophy,Sola,27,27,2
1986-10-18,32,El Gran Combo de Puerto Rico,Por ella,12,12,5
1986-10-18,33,Yuri,Dame un beso,,28,4
1986-10-18,34,Lunna,Ni princesa ni esclava,,34,1
1986-10-18,35,Las Diego,Quemare,34,34,4
1986-10-18,36,Jose Luis Perales,La primera vez,28,27,4
1986-10-18,37,Luis Angel,Tu me quemas,14,13,5
1986-10-18,38,Johnny Ventura,El lunar,,38,1
1986-10-18,39,Flans,Me gusta ser sonrisa,,39,4
1986-10-18,40,Lisa Lopez,Noche tropical,40,20,5
1986-10-18,41,The New York Band,Cole,17,17,5
1986-10-18,42,Grupo El Tiempo,Tu ex-amor,,42,1
1986-10-18,43,Rocio Durcal,Quedate conmigo esta noche,37,37,5
1986-10-18,44,Roberto Carlos,Contradicciones,45,30,5
1986-10-18,45,Jorge Muniz,La otra parte de ti,36,17,5
1986-10-18,46,Lupita D'Alessio,Devuelveme el corazon,,46,1
1986-10-18,47,Bobby Valentin,Part time lover,26,23,4
1986-10-18,48,Sandy Reyes,Enamorar,47,30,5
1986-10-18,49,Roberto Torres,El viejo,41,16,5
1986-10-18,50,Napoleon,Nunca cambies,,29,2
1986-10-25,1,Franco,Toda la vida,2,1,6
1986-10-25,2,Emmanuel,Toda la vida,1,1,6
1986-10-25,3,Juan Gabriel,Yo no se que me paso,3,1,7
1986-10-25,4,Rocio Durcal,La guirnalda,4,1,7
1986-10-25,5,Pandora,Solo el y yo,5,5,6
1986-10-25,6,Beatriz Adriana,Hasta cuando,7,5,6
1986-10-25,7,Los Yonic's,Corazon vacio,6,6,6
1986-10-25,8,Jose Feliciano,Se me sigue olvidando,9,8,5
1986-10-25,9,Lissette,Eva,10,7,6
1986-10-25,10,Joan Sebastian & Prisma,Oiga,8,8,6
1986-10-25,11,Camilo Sesto,Me la estas poniendo dificil,11,9,6
1986-10-25,12,Nicola de Bari,Rosa,12,8,6
1986-10-25,13,Jose Jose,y quien puede ser,19,13,2
1986-10-25,14,Eddie Santiago,Tu me quemas,14,10,6
1986-10-25,15,Jorge Rigo,No renunciare,15,15,6
1986-10-25,16,Fresas,Como no quererte a ti,16,16,5
1986-10-25,17,Prisma,De color de rosa,26,17,2
1986-10-25,18,Miami Sound Machine,No me vuelvo a enamorar,30,18,3
1986-10-25,19,El Gran Combo de Puerto Rico,Garantia,13,13,5
1986-10-25,20,Flans,No controles,18,9,6
1986-10-25,21,Caridad Canelon,Atrevete,17,9,6
1986-10-25,22,Roberto Carlos,De corazon a corazon,22,7,6
1986-10-25,23,Bonny Cepeda,Asesina,23,10,6
1986-10-25,24,Rocio Jurado,Vibro,20,8,6
1986-10-25,25,Diego Verdaguer,Estoy celoso,28,25,5
1986-10-25,26,El Gran Combo de Puerto Rico,Por ella,32,12,6
1986-10-25,27,Carmin,Otra semana,29,27,3
1986-10-25,28,Jose Luis Perales,La primera vez,36,27,5
1986-10-25,29,Luis Angel,Tu me quemas,37,13,6
1986-10-25,30,Sophy,Sola,31,27,3
1986-10-25,31,Gilberto Santa Rosa,Sin un amor,24,24,5
1986-10-25,32,Rocio Durcal,Quedate conmigo esta noche,43,32,6
1986-10-25,33,Yuri,Dame un beso,33,28,5
1986-10-25,34,Jose Jose,Pruebame,21,10,6
1986-10-25,35,Las Diego,Quemare,35,34,5
1986-10-25,36,Johnny Ventura,El lunar,38,36,2
1986-10-25,37,Menudo,Besame,27,21,6
1986-10-25,38,Bobby Valentin,Part time lover,47,23,5
1986-10-25,39,Daniela Romo,De mi enamorate,,39,1
1986-10-25,40,Chayanne,Vuelve,25,25,4
1986-10-25,41,Napoleon,Nunca cambies,50,29,3
1986-10-25,42,Grupo El Tiempo,Tu ex-amor,42,42,2
1986-10-25,43,Lucerito,Era la primera vez,,43,1
1986-10-25,44,The New York Band,Cole,41,17,6
1986-10-25,45,Nelson Ned,Fiera,,36,4
1986-10-25,46,Erica Buenfil,El engano,,24,4
1986-10-25,47,Liberacion,El muneco,,32,5
1986-10-25,48,Roberto Carlos,Contradicciones,44,30,6
1986-10-25,49,Sandy Reyes,Enamorar,48,30,6
1986-10-25,50,Lunna,Ni princesa ni esclava,34,34,2
1986-11-01,1,Emmanuel,Toda la vida,2,1,7
1986-11-01,2,Franco,Toda la vida,1,1,7
1986-11-01,3,Juan Gabriel,Yo no se que me paso,3,1,8
1986-11-01,4,Pandora,Solo el y yo,5,4,7
1986-11-01,5,Beatriz Adriana,Hasta cuando,6,5,7
1986-11-01,6,Jose Jose,y quien puede ser,13,6,3
1986-11-01,7,Rocio Durcal,La guirnalda,4,1,8
1986-11-01,8,Joan Sebastian & Prisma,Oiga,10,8,7
1986-11-01,9,Los Yonic's,Corazon vacio,7,6,7
1986-11-01,10,Jose Feliciano,Se me sigue olvidando,8,8,6
1986-11-01,11,Camilo Sesto,Me la estas poniendo dificil,11,9,7
1986-11-01,12,Prisma,De color de rosa,17,12,3
1986-11-01,13,Lissette,Eva,9,7,7
1986-11-01,14,Nicola de Bari,Rosa,12,8,7
1986-11-01,15,Daniela Romo,De mi enamorate,39,15,2
1986-11-01,16,Roberto Carlos,De corazon a corazon,22,7,7
1986-11-01,17,Carmin,Otra semana,27,17,4
1986-11-01,18,Miami Sound Machine,No me vuelvo a enamorar,18,18,4
1986-11-01,19,Eddie Santiago,Tu me quemas,14,10,7
1986-11-01,20,Fresas,Como no quererte a ti,16,16,6
1986-11-01,21,Jorge Rigo,No renunciare,15,15,7
1986-11-01,22,El Gran Combo de Puerto Rico,Garantia,19,13,6
1986-11-01,23,Johnny Ventura,El lunar,36,23,3
1986-11-01,24,Chayanne,Vuelve,40,24,5
1986-11-01,25,Bonny Cepeda,Asesina,23,10,7
1986-11-01,26,El Gran Combo de Puerto Rico,Por ella,26,12,7
1986-11-01,27,Jose Luis Perales,La primera vez,28,27,6
1986-11-01,28,Gilberto Santa Rosa,Sin un amor,31,24,6
1986-11-01,29,Flans,No controles,20,9,7
1986-11-01,30,Valeria Lynch,Fuera de mi vida,,30,1
1986-11-01,31,Rocio Durcal,Quedate conmigo esta noche,32,31,7
1986-11-01,32,Las Diego,Quemare,35,32,6
1986-11-01,33,Lucerito,Era la primera vez,43,33,2
1986-11-01,34,Diego Verdaguer,Estoy celoso,25,25,6
1986-11-01,35,Sophy,Sola,30,27,4
1986-11-01,36,Caridad Canelon,Atrevete,21,9,7
1986-11-01,37,Bobby Valentin,Part time lover,38,23,6
1986-11-01,38,Luis Angel,Tu me quemas,29,13,7
1986-11-01,39,Yuri,Dame un beso,33,28,6
1986-11-01,40,The New York Band,Cole,44,17,7
1986-11-01,41,Napoleon,Nunca cambies,41,29,4
1986-11-01,42,Marisela,Mi problema,,41,4
1986-11-01,43,Nelson Ned,Fiera,45,36,5
1986-11-01,44,Lunna,Ni princesa ni esclava,50,34,3
1986-11-01,45,Ramon Ayala,Debajo de aquel arbol,,27,3
1986-11-01,46,Erica Buenfil,El engano,46,24,5
1986-11-01,47,Liberacion,El muneco,47,32,6
1986-11-01,48,Sandy Reyes,Enamorar,49,30,7
1986-11-01,49,Millie Y Los Vecinos,No se muera na,,49,1
1986-11-01,50,Mario Pintor,Adios que te vaya bien,,45,2
1986-11-08,1,Emmanuel,Toda la vida,1,1,8
1986-11-08,2,Franco,Toda la vida,2,1,8
1986-11-08,3,Juan Gabriel,Yo no se que me paso,3,1,9
1986-11-08,4,Jose Jose,y quien puede ser,6,4,4
1986-11-08,5,Pandora,Solo el y yo,4,4,8
1986-11-08,6,Joan Sebastian & Prisma,Oiga,8,6,8
1986-11-08,7,Beatriz Adriana,Hasta cuando,5,5,8
1986-11-08,8,Jose Feliciano,Se me sigue olvidando,10,8,7
1986-11-08,9,Rocio Durcal,La guirnalda,7,1,9
1986-11-08,10,Los Yonic's,Corazon vacio,9,6,8
1986-11-08,11,Daniela Romo,De mi enamorate,15,11,3
1986-11-08,12,Prisma,De color de rosa,12,12,4
1986-11-08,13,Lissette,Eva,13,7,8
1986-11-08,14,Nicola de Bari,Rosa,14,8,8
1986-11-08,15,Camilo Sesto,Me la estas poniendo dificil,11,9,8
1986-11-08,16,Carmin,Otra semana,17,16,5
1986-11-08,17,Miami Sound Machine,No me vuelvo a enamorar,18,17,5
1986-11-08,18,Eddie Santiago,Tu me quemas,19,10,8
1986-11-08,19,Fresas,Como no quererte a ti,20,16,7
1986-11-08,20,El Gran Combo de Puerto Rico,Garantia,22,13,7
1986-11-08,21,Johnny Ventura,El lunar,23,21,4
1986-11-08,22,Rocio Durcal,Quedate conmigo esta noche,31,22,8
1986-11-08,23,Bonny Cepeda,Asesina,25,10,8
1986-11-08,24,Gilberto Santa Rosa,Sin un amor,28,24,7
1986-11-08,25,Jorge Rigo,No renunciare,21,15,8
1986-11-08,26,Roberto Carlos,De corazon a corazon,16,7,8
1986-11-08,27,Lucerito,Era la primera vez,33,27,3
1986-11-08,28,The New York Band,Cole,40,17,8
1986-11-08,29,Valeria Lynch,Fuera de mi vida,30,29,2
1986-11-08,30,Jose Luis Perales,La primera vez,27,27,7
1986-11-08,31,Chayanne,Vuelve,24,24,6
1986-11-08,32,El Gran Combo de Puerto Rico,Por ella,26,12,8
1986-11-08,33,Bobby Valentin,Part time lover,37,23,7
1986-11-08,34,Flans,No controles,29,9,8
1986-11-08,35,Ednita Nazario,Tu sin mi,,35,1
1986-11-08,36,Flans,Timido,,36,1
1986-11-08,37,Luis Angel,Tu me quemas,38,13,8
1986-11-08,38,Las Diego,Quemare,32,32,7
1986-11-08,39,Rocio Jurado,Vibro,,8,7
1986-11-08,40,Raphy Leavitt y Orquesta La Selecta,Chiquilla,,40,1
1986-11-08,41,Sandy Reyes,Enamorar,48,30,8
1986-11-08,42,Marisela,Mi problema,42,41,5
1986-11-08,43,Lunna,Ni princesa ni esclava,44,34,4
1986-11-08,44,Basilio,Vivir lo nuestro,,44,1
1986-11-08,45,Sophy,Sola,35,27,5
1986-11-08,46,Mario Pintor,Adios que te vaya bien,50,45,3
1986-11-08,47,Isabel Pantoja,Hoy quiero confesarme,,47,1
1986-11-08,48,Dyango y Bordon,La noria del amor,,48,1
1986-11-08,49,Millie Y Los Vecinos,No se muera na,49,49,2
1986-11-08,50,Diego Verdaguer,Estoy celoso,34,25,7
1986-11-15,1,Franco,Toda la vida,2,1,9
1986-11-15,2,Emmanuel,Toda la vida,1,1,9
1986-11-15,3,Juan Gabriel,Yo no se que me paso,3,1,10
1986-11-15,4,Pandora,Solo el y yo,5,4,9
1986-11-15,5,Jose Jose,y quien puede ser,4,4,5
1986-11-15,6,Joan Sebastian & Prisma,Oiga,6,6,9
1986-11-15,7,Daniela Romo,De mi enamorate,11,7,4
1986-11-15,8,Los Yonic's,Corazon vacio,10,6,9
1986-11-15,9,Lissette,Eva,13,7,9
1986-11-15,10,Jose Feliciano,Se me sigue olvidando,8,8,8
1986-11-15,11,Beatriz Adriana,Hasta cuando,7,5,9
1986-11-15,12,Rocio Durcal,La guirnalda,9,1,10
1986-11-15,13,Camilo Sesto,Me la estas poniendo dificil,15,9,9
1986-11-15,14,Prisma,De color de rosa,12,12,5
1986-11-15,15,Nicola de Bari,Rosa,14,8,9
1986-11-15,16,Fresas,Como no quererte a ti,19,16,8
1986-11-15,17,El Gran Combo de Puerto Rico,Garantia,20,13,8
1986-11-15,18,Carmin,Otra semana,16,16,6
1986-11-15,19,Miami Sound Machine,No me vuelvo a enamorar,17,17,6
1986-11-15,20,Johnny Ventura,El lunar,21,20,5
1986-11-15,21,Eddie Santiago,Tu me quemas,18,10,9
1986-11-15,22,Gilberto Santa Rosa,Sin un amor,24,22,8
1986-11-15,23,Lucerito,Era la primera vez,27,23,4
1986-11-15,24,Rocio Durcal,Quedate conmigo esta noche,22,22,9
1986-11-15,25,Ednita Nazario,Tu sin mi,35,25,2
1986-11-15,26,Basilio,Vivir lo nuestro,44,26,2
1986-11-15,27,Flans,Timido,36,27,2
1986-11-15,28,Valeria Lynch,Fuera de mi vida,29,28,3
1986-11-15,29,Bonny Cepeda,Asesina,23,10,9
1986-11-15,30,Millie Y Los Vecinos,No se muera na,49,30,3
1986-11-15,31,Marisela,Tu dama de hierro,,31,1
1986-11-15,32,The New York Band,Cole,28,17,9
1986-11-15,33,Bobby Valentin,Part time lover,33,23,8
1986-11-15,34,Jorge Rigo,No renunciare,25,15,9
1986-11-15,35,Roberto Carlos,De corazon a corazon,26,7,9
1986-11-15,36,Nelson Ned,Fiera,,36,6
1986-11-15,37,Lunna,Ni princesa ni esclava,43,34,5
1986-11-15,38,Mario Pintor,Adios que te vaya bien,46,38,4
1986-11-15,39,Rocio Jurado,Vibro,39,8,8
1986-11-15,40,Sandy Reyes,Enamorar,41,30,9
1986-11-15,41,Bobby Valentin,El senor de la senora,,41,1
1986-11-15,42,Dyango y Bordon,La noria del amor,48,42,2
1986-11-15,43,Raphy Leavitt y Orquesta La Selecta,Chiquilla,40,40,2
1986-11-15,44,Isabel Pantoja,Hoy quiero confesarme,47,44,2
1986-11-15,45,Sophy,Sola,45,27,6
1986-11-15,46,Las Diego,Quemare,38,32,8
1986-11-15,47,Luis Angel,Tu me quemas,37,13,9
1986-11-15,48,Jose Luis Perales,La primera vez,30,27,8
1986-11-15,49,Diego Verdaguer,Estoy celoso,50,25,8
1986-11-15,50,Wilfrido Vargas,Para que no me olvides,,50,1
1986-11-22,1,Jose Jose,y quien puede ser,5,1,6
1986-11-22,2,Franco,Toda la vida,1,1,10
1986-11-22,3,Daniela Romo,De mi enamorate,7,3,5
1986-11-22,4,Pandora,Solo el y yo,4,4,10
1986-11-22,5,Emmanuel,Toda la vida,2,1,10
1986-11-22,6,Juan Gabriel,Yo no se que me paso,3,1,11
1986-11-22,7,Joan Sebastian & Prisma,Oiga,6,6,10
1986-11-22,8,Los Yonic's,Corazon vacio,8,6,10
1986-11-22,9,Lissette,Eva,9,7,10
1986-11-22,10,Jose Feliciano,Se me sigue olvidando,10,8,9
1986-11-22,11,Beatriz Adriana,Hasta cuando,11,5,10
1986-11-22,12,Prisma,De color de rosa,14,12,6
1986-11-22,13,Rocio Durcal,La guirnalda,12,1,11
1986-11-22,14,Camilo Sesto,Me la estas poniendo dificil,13,9,10
1986-11-22,15,Nicola de Bari,Rosa,15,8,10
1986-11-22,16,Johnny Ventura,El lunar,20,16,6
1986-11-22,17,El Gran Combo de Puerto Rico,Garantia,17,13,9
1986-11-22,18,Carmin,Otra semana,18,16,7
1986-11-22,19,Miami Sound Machine,No me vuelvo a enamorar,19,17,7
1986-11-22,20,Eddie Santiago,Tu me quemas,21,10,10
1986-11-22,21,Basilio,Vivir lo nuestro,26,21,3
1986-11-22,22,Rocio Durcal,Quedate conmigo esta noche,24,22,10
1986-11-22,23,Lucerito,Era la primera vez,23,23,5
1986-11-22,24,Gilberto Santa Rosa,Sin un amor,22,22,9
1986-11-22,25,Flans,Timido,27,25,3
1986-11-22,26,Valeria Lynch,Fuera de mi vida,28,26,4
1986-11-22,27,Ednita Nazario,Tu sin mi,25,25,3
1986-11-22,28,Bonny Cepeda,Asesina,29,10,10
1986-11-22,29,Millie Y Los Vecinos,No se muera na,30,29,4
1986-11-22,30,Marisela,Tu dama de hierro,31,30,2
1986-11-22,31,Fresas,Como no quererte a ti,16,16,9
1986-11-22,32,The New York Band,Cole,32,17,10
1986-11-22,33,Jose Medina,Y me decidi,,33,1
1986-11-22,34,Bobby Valentin,El senor de la senora,41,34,2
1986-11-22,35,Roberto Carlos,De corazon a corazon,35,7,10
1986-11-22,36,Lunna,Ni princesa ni esclava,37,34,6
1986-11-22,37,Braulio,Juguete de nadie,,37,1
1986-11-22,38,Mario Pintor,Adios que te vaya bien,38,38,5
1986-11-22,39,Andy Montanez,Me la estas poniendo dificil,,39,1
1986-11-22,40,Isabel Pantoja,Hoy quiero confesarme,44,40,3
1986-11-22,41,Jorge Rigo,No renunciare,34,15,10
1986-11-22,42,Sandy Reyes,Enamorar,40,30,10
1986-11-22,43,Nelson Ned,Fiera,36,36,7
1986-11-22,44,Wilfrido Vargas,Para que no me olvides,50,44,2
1986-11-22,45,Sophy,Sola,45,27,7
1986-11-22,46,Conjunto Chaney,Cada cosa en su lugar,,46,1
1986-11-22,47,Dyango y Bordon,La noria del amor,42,42,3
1986-11-22,48,Ana Gabriel,Malvado,,48,1
1986-11-22,49,Grupo El Tiempo,Tu ex-amor,,42,3
1986-11-22,50,Luis Angel,Tu me quemas,47,13,10
1986-11-29,1,Jose Jose,y quien puede ser,1,1,7
1986-11-29,2,Emmanuel,Toda la vida,5,1,11
1986-11-29,3,Daniela Romo,De mi enamorate,3,3,6
1986-11-29,4,Franco,Toda la vida,2,1,11
1986-11-29,5,Pandora,Solo el y yo,4,4,11
1986-11-29,6,Jose Feliciano,Se me sigue olvidando,10,6,10
1986-11-29,7,Prisma,De color de rosa,12,7,7
1986-11-29,8,Joan Sebastian & Prisma,Oiga,7,6,11
1986-11-29,9,Los Yonic's,Corazon vacio,8,6,11
1986-11-29,10,Juan Gabriel,Yo no se que me paso,6,1,12
1986-11-29,11,Beatriz Adriana,Hasta cuando,11,5,11
1986-11-29,12,Lissette,Eva,9,7,11
1986-11-29,13,Rocio Durcal,Quedate conmigo esta noche,22,13,11
1986-11-29,14,Johnny Ventura,El lunar,16,14,7
1986-11-29,15,Rocio Durcal,La guirnalda,13,1,12
1986-11-29,16,Camilo Sesto,Me la estas poniendo dificil,14,9,11
1986-11-29,17,Nicola de Bari,Rosa,15,8,11
1986-11-29,18,Eddie Santiago,Tu me quemas,20,10,11
1986-11-29,19,Carmin,Otra semana,18,16,8
1986-11-29,20,Ednita Nazario,Tu sin mi,27,20,4
1986-11-29,21,Basilio,Vivir lo nuestro,21,21,4
1986-11-29,22,Braulio,Juguete de nadie,37,22,2
1986-11-29,23,Marisela,Tu dama de hierro,30,23,3
1986-11-29,24,Flans,Timido,25,24,4
1986-11-29,25,Valeria Lynch,Fuera de mi vida,26,25,5
1986-11-29,26,Miami Sound Machine,No me vuelvo a enamorar,19,17,8
1986-11-29,27,El Gran Combo de Puerto Rico,Garantia,17,13,10
1986-11-29,28,Lucerito,Era la primera vez,23,23,6
1986-11-29,29,The New York Band,Cole,32,17,11
1986-11-29,30,Gilberto Santa Rosa,Sin un amor,24,22,10
1986-11-29,31,Fresas,Como no quererte a ti,31,16,10
1986-11-29,32,Roberto Carlos,De corazon a corazon,35,7,11
1986-11-29,33,Bobby Valentin,El senor de la senora,34,33,3
1986-11-29,34,Millie Y Los Vecinos,No se muera na,29,29,5
1986-11-29,35,Ramon Ayala,Seis rosas amarillas,,35,1
1986-11-29,36,Los Freddies,Estoy llorando,,36,1
1986-11-29,37,Lunna,Ni princesa ni esclava,36,34,7
1986-11-29,38,Andy Montanez,Me la estas poniendo dificil,39,38,2
1986-11-29,39,Bonny Cepeda,Asesina,28,10,11
1986-11-29,40,Jorge Rigo,No renunciare,41,15,11
1986-11-29,41,Isabel Pantoja,Hoy quiero confesarme,40,40,4
1986-11-29,42,Mario Pintor,Adios que te vaya bien,38,38,6
1986-11-29,43,Pedro Pardo,Celos,,43,1
1986-11-29,44,Los Bukis,Este adios,,44,1
1986-11-29,45,Sandy Reyes,Enamorar,42,30,11
1986-11-29,46,Nelson Ned,Fiera,43,36,8
1986-11-29,47,Jose Medina,Y me decidi,33,33,2
1986-11-29,48,Luis Angel,Tu me quemas,50,13,11
1986-11-29,49,Dyango y Bordon,La noria del amor,47,42,4
1986-11-29,50,Grupo El Tiempo,Tu ex-amor,49,42,4
1986-12-06,1,Jose Jose,y quien puede ser,1,1,8
1986-12-06,2,Daniela Romo,De mi enamorate,3,2,7
1986-12-06,3,Pandora,Solo el y yo,5,3,12
1986-12-06,4,Franco,Toda la vida,4,1,12
1986-12-06,5,Prisma,De color de rosa,7,5,8
1986-12-06,6,Emmanuel,Toda la vida,2,1,12
1986-12-06,7,Joan Sebastian & Prisma,Oiga,8,6,12
1986-12-06,8,Rocio Durcal,Quedate conmigo esta noche,13,8,12
1986-12-06,9,Los Yonic's,Corazon vacio,9,6,12
1986-12-06,10,Camilo Sesto,Me la estas poniendo dificil,16,9,12
1986-12-06,11,Braulio,Juguete de nadie,22,11,3
1986-12-06,12,Juan Gabriel,Yo no se que me paso,10,1,13
1986-12-06,13,Jose Feliciano,Se me sigue olvidando,6,6,11
1986-12-06,14,Ednita Nazario,Tu sin mi,20,14,5
1986-12-06,15,Rocio Durcal,La guirnalda,15,1,13
1986-12-06,16,Beatriz Adriana,Hasta cuando,11,5,12
1986-12-06,17,Lissette,Eva,12,7,12
1986-12-06,18,Flans,Timido,24,18,5
1986-12-06,19,Basilio,Vivir lo nuestro,21,19,5
1986-12-06,20,Lucerito,Era la primera vez,28,20,7
1986-12-06,21,Johnny Ventura,El lunar,14,14,8
1986-12-06,22,Eddie Santiago,Tu me quemas,18,10,12
1986-12-06,23,Marisela,Tu dama de hierro,23,23,4
1986-12-06,24,Miami Sound Machine,No me vuelvo a enamorar,26,17,9
1986-12-06,25,Nicola de Bari,Rosa,17,8,12
1986-12-06,26,El Gran Combo de Puerto Rico,Garantia,27,13,11
1986-12-06,27,The New York Band,Cole,29,17,12
1986-12-06,28,Juan Gabriel,Que lastima,,28,1
1986-12-06,29,Fresas,Como no quererte a ti,31,16,11
1986-12-06,30,Roberto Carlos,De corazon a corazon,32,7,12
1986-12-06,31,Valeria Lynch,Fuera de mi vida,25,25,6
1986-12-06,32,Bobby Valentin,El senor de la senora,33,32,4
1986-12-06,33,Jose Medina,Y me decidi,47,33,3
1986-12-06,34,Carmin,Otra semana,19,16,9
1986-12-06,35,Ramon Ayala,Seis rosas amarillas,35,35,2
1986-12-06,36,Los Freddies,Estoy llorando,36,36,2
1986-12-06,37,Lunna,Ni princesa ni esclava,37,34,8
1986-12-06,38,Los Bukis,Este adios,44,38,2
1986-12-06,39,Maria Conchita Alonso,Sueltame,,39,1
1986-12-06,40,Dyango y Rocio Durcal,La hora del adios,,40,1
1986-12-06,41,Gilberto Santa Rosa,Sin un amor,30,22,11
1986-12-06,42,Pedro Pardo,Celos,43,42,2
1986-12-06,43,Millie Y Los Vecinos,No se muera na,34,29,6
1986-12-06,44,Andy Montanez,Me la estas poniendo dificil,38,38,3
1986-12-06,45,Mario Pintor,Adios que te vaya bien,42,38,7
1986-12-06,46,Jorge Rigo,No renunciare,40,15,12
1986-12-06,47,Grupo El Tiempo,Tu ex-amor,50,42,5
1986-12-06,48,Sandy Reyes,Enamorar,45,30,12
1986-12-06,49,Isabel Pantoja,Hoy quiero confesarme,41,40,5
1986-12-06,50,Bonny Cepeda,Asesina,39,10,12
1986-12-13,1,Jose Jose,y quien puede ser,1,1,9
1986-12-13,2,Daniela Romo,De mi enamorate,2,2,8
1986-12-13,3,Pandora,Solo el y yo,3,3,13
1986-12-13,4,Prisma,De color de rosa,5,4,9
1986-12-13,5,Joan Sebastian & Prisma,Oiga,7,5,13
1986-12-13,6,Franco,Toda la vida,4,1,13
1986-12-13,7,Emmanuel,Toda la vida,6,1,13
1986-12-13,8,Braulio,Juguete de nadie,11,8,4
1986-12-13,9,Beatriz Adriana,Hasta cuando,16,5,13
1986-12-13,10,Rocio Durcal,Quedate conmigo esta noche,8,8,13
1986-12-13,11,Camilo Sesto,Me la estas poniendo dificil,10,9,13
1986-12-13,12,Juan Gabriel,Yo no se que me paso,12,1,14
1986-12-13,13,Jose Feliciano,Se me sigue olvidando,13,6,12
1986-12-13,14,Ednita Nazario,Tu sin mi,14,14,6
1986-12-13,15,Los Yonic's,Corazon vacio,9,6,13
1986-12-13,16,Basilio,Vivir lo nuestro,19,16,6
1986-12-13,17,Flans,Timido,18,17,6
1986-12-13,18,Carmin,Otra semana,34,16,10
1986-12-13,19,Rocio Durcal,La guirnalda,15,1,14
1986-12-13,20,Miami Sound Machine,No me vuelvo a enamorar,24,17,10
1986-12-13,21,Fresas,Como no quererte a ti,29,16,12
1986-12-13,22,Lucerito,Era la primera vez,20,20,8
1986-12-13,23,Lissette,Eva,17,7,13
1986-12-13,24,Marisela,Tu dama de hierro,23,23,5
1986-12-13,25,Nicola de Bari,Rosa,25,8,13
1986-12-13,26,Bobby Valentin,El senor de la senora,32,26,5
1986-12-13,27,Andy Montanez,Me la estas poniendo dificil,44,27,4
1986-12-13,28,Juan Gabriel,Que lastima,28,28,2
1986-12-13,29,Jorge Rigo,No renunciare,46,15,13
1986-12-13,30,Valeria Lynch,Fuera de mi vida,31,25,7
1986-12-13,31,Los Bukis,Este adios,38,31,3
1986-12-13,32,Jose Medina,Y me decidi,33,32,4
1986-12-13,33,Johnny Ventura,El lunar,21,14,9
1986-12-13,34,Roberto Carlos,De corazon a corazon,30,7,13
1986-12-13,35,Eddie Santiago,Tu me quemas,22,10,13
1986-12-13,36,The New York Band,Cole,27,17,13
1986-12-13,37,Conjunto Chaney,Cada cosa en su lugar,,37,2
1986-12-13,38,Dyango y Rocio Durcal,La hora del adios,40,38,2
1986-12-13,39,Maria Conchita Alonso,Sueltame,39,39,2
1986-12-13,40,Pedro Pardo,Celos,42,40,3
1986-12-13,41,Mario Pintor,Adios que te vaya bien,45,38,8
1986-12-13,42,El Gran Combo de Puerto Rico,Garantia,26,13,12
1986-12-13,43,La Patrulla,Ojo aja,,43,1
1986-12-13,44,Lunna,Ni princesa ni esclava,37,34,9
1986-12-13,45,Little Joe,Mi nena,,45,1
1986-12-13,46,Gilberto Santa Rosa,Cantante de cartel,,46,1
1986-12-13,47,Lissette,Fuga,,47,1
1986-12-13,48,Los Freddies,Estoy llorando,36,36,3
1986-12-13,49,Grupo El Tiempo,Tu ex-amor,47,42,6
1986-12-13,50,Isabel Pantoja,Hoy quiero confesarme,49,40,6
1986-12-20,1,Daniela Romo,De mi enamorate,2,1,9
1986-12-20,2,Jose Jose,y quien puede ser,1,1,10
1986-12-20,3,Prisma,De color de rosa,4,3,10
1986-12-20,4,Pandora,Solo el y yo,3,3,14
1986-12-20,5,Rocio Durcal,Quedate conmigo esta noche,10,5,14
1986-12-20,6,Joan Sebastian & Prisma,Oiga,5,5,14
1986-12-20,7,Braulio,Juguete de nadie,8,7,5
1986-12-20,8,Emmanuel,Toda la vida,7,1,14
1986-12-20,9,Beatriz Adriana,Hasta cuando,9,5,14
1986-12-20,10,Franco,Toda la vida,6,1,14
1986-12-20,11,Marisela,Tu dama de hierro,24,11,6
1986-12-20,12,Jose Feliciano,Se me sigue olvidando,13,6,13
1986-12-20,13,Los Yonic's,Corazon vacio,15,6,14
1986-12-20,14,Ednita Nazario,Tu sin mi,14,14,7
1986-12-20,15,Flans,Timido,17,15,7
1986-12-20,16,Juan Gabriel,Yo no se que me paso,12,1,15
1986-12-20,17,Lucerito,Era la primera vez,22,17,9
1986-12-20,18,Basilio,Vivir lo nuestro,16,16,7
1986-12-20,19,Camilo Sesto,Me la estas poniendo dificil,11,9,14
1986-12-20,20,Juan Gabriel,Que lastima,28,20,3
1986-12-20,21,Los Bukis,Este adios,31,21,4
1986-12-20,22,Rocio Durcal,La guirnalda,19,1,15
1986-12-20,23,Bobby Valentin,El senor de la senora,26,23,6
1986-12-20,24,Andy Montanez,Me la estas poniendo dificil,27,24,5
1986-12-20,25,Dyango y Rocio Durcal,La hora del adios,38,25,3
1986-12-20,26,Carmin,Otra semana,18,16,11
1986-12-20,27,Maria Conchita Alonso,Sueltame,39,27,3
1986-12-20,28,La Hermandad,Ven a cantar,,28,1
1986-12-20,29,Jose Medina,Y me decidi,32,29,5
1986-12-20,30,Miami Sound Machine,No me vuelvo a enamorar,20,17,11
1986-12-20,31,Fresas,Como no quererte a ti,21,16,13
1986-12-20,32,Lissette,Eva,23,7,14
1986-12-20,33,Pedro Pardo,Celos,40,33,4
1986-12-20,34,Roberto Carlos,De corazon a corazon,34,7,14
1986-12-20,35,Valeria Lynch,Fuera de mi vida,30,25,8
1986-12-20,36,The New York Band,Cole,36,17,14
1986-12-20,37,El Gran Combo de Puerto Rico,Garantia,42,13,13
1986-12-20,38,Jorge Rigo,No renunciare,29,15,14
1986-12-20,39,Lissette,Fuga,47,39,2
1986-12-20,40,Gilberto Santa Rosa,Cantante de cartel,46,40,2
1986-12-20,41,Mario Pintor,Adios que te vaya bien,41,38,9
1986-12-20,42,Nicola de Bari,Rosa,25,8,14
1986-12-20,43,La Patrulla,Ojo aja,43,43,2
1986-12-20,44,Wilkins,Si yo fuera mujer,,44,1
1986-12-20,45,Los Freddies,Estoy llorando,48,36,4
1986-12-20,46,Ednita Nazario,Que me ame mas,,46,1
1986-12-20,47,Isabel Pantoja,Hoy quiero confesarme,50,40,7
1986-12-20,48,Lunna,Ni princesa ni esclava,44,34,10
1986-12-20,49,Little Joe,Mi nena,45,45,2
1986-12-20,50,Eddie Santiago,Tu me quemas,35,10,14
1986-12-27,1,Daniela Romo,De mi enamorate,1,1,10
1986-12-27,2,Jose Jose,y quien puede ser,2,1,11
1986-12-27,3,Prisma,De color de rosa,3,3,11
1986-12-27,4,Joan Sebastian & Prisma,Oiga,6,4,15
1986-12-27,5,Rocio Durcal,Quedate conmigo esta noche,5,5,15
1986-12-27,6,Marisela,Tu dama de hierro,11,6,7
1986-12-27,7,Braulio,Juguete de nadie,7,7,6
1986-12-27,8,Beatriz Adriana,Hasta cuando,9,5,15
1986-12-27,9,Ednita Nazario,Tu sin mi,14,9,8
1986-12-27,10,Pandora,Solo el y yo,4,3,15
1986-12-27,11,Flans,Timido,15,11,8
1986-12-27,12,Basilio,Vivir lo nuestro,18,12,8
1986-12-27,13,Dyango y Rocio Durcal,La hora del adios,25,13,4
1986-12-27,14,Emmanuel,Toda la vida,8,1,15
1986-12-27,15,Jose Feliciano,Se me sigue olvidando,12,6,14
1986-12-27,16,Franco,Toda la vida,10,1,15
1986-12-27,17,Lucerito,Era la primera vez,17,17,10
1986-12-27,18,Los Yonic's,Corazon vacio,13,6,15
1986-12-27,19,Andy Montanez,Me la estas poniendo dificil,24,19,6
1986-12-27,20,Los Bukis,Este adios,21,20,5
1986-12-27,21,Camilo Sesto,Me la estas poniendo dificil,19,9,15
1986-12-27,22,Juan Gabriel,Que lastima,20,20,4
1986-12-27,23,Carmin,Otra semana,26,16,12
1986-12-27,24,Juan Gabriel,Yo no se que me paso,16,1,16
1986-12-27,25,Jose Medina,Y me decidi,29,25,6
1986-12-27,26,Bobby Valentin,El senor de la senora,23,23,7
1986-12-27,27,Rocio Durcal,La guirnalda,22,1,16
1986-12-27,28,Angelica Maria,El hombre de mi vida,,28,1
1986-12-27,29,Miami Sound Machine,No me vuelvo a enamorar,30,17,12
1986-12-27,30,La Hermandad,Ven a cantar,28,28,2
1986-12-27,31,Valeria Lynch,Fuera de mi vida,35,25,9
1986-12-27,32,Maria Conchita Alonso,Sueltame,27,27,4
1986-12-27,33,Roberto Carlos,De corazon a corazon,34,7,15
1986-12-27,34,Jose Nogueras,No quieren parar,,34,1
1986-12-27,35,La Patrulla,Ojo aja,43,35,3
1986-12-27,36,Pedro Pardo,Celos,33,33,5
1986-12-27,37,The New York Band,Cole,36,17,15
1986-12-27,38,Lissette,Fuga,39,38,3
1986-12-27,39,Juan Gabriel,Hasta Que Te Conoci,,39,1
1986-12-27,40,Lupita D'Alessio,Te Estas Pasando,,40,1
1986-12-27,41,Jorge Rigo,No renunciare,38,15,15
1986-12-27,42,The New York Band,Si tu eres mi hombre,,42,1
1986-12-27,43,Johnny Ventura,Olvida tus penas,,43,1
1986-12-27,44,Isabel Pantoja,Hoy quiero confesarme,47,40,8
1986-12-27,45,Little Joe,Mi nena,49,45,3
1986-12-27,46,El Gran Combo de Puerto Rico,Garantia,37,13,14
1986-12-27,47,Veronica Castro,Macumba,,47,1
1986-12-27,48,Mario Pintor,Adios que te vaya bien,41,38,10
1986-12-27,49,Wilkins,Si yo fuera mujer,44,44,2
1986-12-27,50,Lissette,Eva,32,7,15
